{
    "affection": 93.35000000000001,
    "trust": 54.1,
    "familiarity": 17.05000000000001
}