{
    "affection": 64.7,
    "trust": 38.800000000000004,
    "familiarity": 5.8999999999999995
}