{
    "affection": 70.85000000000001,
    "trust": 41.900000000000006,
    "familiarity": 8.25
}